"Status","Name","Duration in ms","Description"
"skipped","","4",""
"skipped","","3",""
"skipped","","3",""
"skipped","","4",""
"skipped","","5",""
"passed","","73983",""
"skipped","","5",""
"skipped","","3",""
"skipped","","4",""
"skipped","","3",""
"skipped","","5",""
"skipped","","3",""
"skipped","","4",""
"skipped","","4",""
"skipped","","3",""
"skipped","","4",""
"skipped","","5",""
"skipped","","3",""
"skipped","","4",""
"skipped","","4",""
"skipped","","5",""
"skipped","","4",""
"skipped","","4",""
"skipped","","4",""
"skipped","","3",""
"skipped","","3",""
"skipped","","0",""
"skipped","","4",""
"skipped","","3",""
"skipped","","4",""
"skipped","","3",""
"skipped","","3",""
"skipped","","3",""
"skipped","","3",""
"skipped","","4",""
"skipped","","3",""
"skipped","","4",""
"skipped","","4",""
"skipped","","3",""
"skipped","","3",""
"skipped","","5",""
